Name,Set code,Set name,Collector number,Foil,Rarity,Quantity,ManaBox ID,Scryfall ID,Purchase price,Misprint,Altered,Signed,Condition,Language,Proxy,Purchase price currency,Added
Depressurize,eoe,Edge of Eternities,95,normal,common,1,107697,25520d5a-1a83-42cc-8ace-8b1156019d64,0.08,false,false,false,near_mint,en,false,USD,2026-10-03T19:48:27.760518Z
Shelob's Ambush,ltr,The Lord of the Rings: Tales of Middle-earth,108,normal,common,1,82941,25e69fa8-7339-4bfa-8e35-9cbfe0001d8b,0.14,false,false,false,near_mint,en,false,USD,2026-10-03T19:48:27.760518Z
Scorpion's Sting,spm,Marvel's Spider-Man,65,normal,common,1,107613,0fb03437-32cf-4c97-bf91-ea8b2ad3f964,0.18,false,false,false,near_mint,en,false,USD,2026-10-03T19:48:27.760518Z
Moment of Craving,fdn,Foundations,524,normal,common,1,97174,3627f9fb-b828-49cd-887d-e2ab3ef43dfb,0.12,false,false,false,near_mint,en,false,USD,2026-10-03T19:48:27.760518Z
Torment of Venom,hou,Hour of Devastation,79,normal,common,1,4596,2f66410b-67a3-4f6a-b3ae-dcad9858a5da,0.17,false,false,false,near_mint,en,false,USD,2026-10-03T19:48:27.760518Z
Visions of Villainy,msh,Marvel Super Heroes,120,normal,common,1,114092,f8f1e4f9-7415-437f-b694-ecbdd76db114,0.15,false,false,false,near_mint,en,false,USD,2026-10-03T19:48:27.760518Z
Fanatical Offering,lci,The Lost Caverns of Ixalan,105,normal,common,1,88940,d896dd52-b134-4b55-ab91-ccb05ecc50f4,1.64,false,false,false,near_mint,en,false,USD,2026-10-03T19:48:27.760518Z
Decoy Ploy,msh,Marvel Super Heroes,94,normal,common,1,114018,d8719b74-48ef-4f68-b59a-949edd644ddc,0.19,false,false,false,near_mint,en,false,USD,2026-10-03T19:48:27.760518Z
Vincent's Limit Break,fin,Final Fantasy,126,normal,common,2,106499,0502c426-5271-4989-8598-5bc159afe79c,0.19,false,false,false,near_mint,en,false,USD,2026-10-03T19:48:27.760518Z
Fight On!,fin,Final Fantasy,100,normal,common,2,106673,e1b0739a-dcc4-4034-96d7-69e551b2f36b,0.2,false,false,false,near_mint,en,false,USD,2026-10-03T19:48:27.760518Z
Dissection Practice,sos,Secrets of Strixhaven,79,normal,uncommon,1,112700,ddbf1242-6832-475e-9a77-65dd9b4bb32a,0.24,false,false,false,near_mint,en,false,USD,2026-10-03T19:48:27.760518Z
Skulduggery,xln,Ixalan,123,normal,common,2,3889,ba30343b-1637-490f-810e-d614219789e3,0.05,false,false,false,near_mint,en,false,USD,2026-10-03T19:48:27.760518Z
Vanquish the Weak,xln,Ixalan,127,normal,common,1,3885,e599ed0b-4b3b-4341-b6ac-7fdfdc6799a3,0.09,false,false,false,near_mint,en,false,USD,2026-10-03T19:48:27.760518Z
Reaver Ambush,rix,Rivals of Ixalan,83,normal,uncommon,1,2935,fceaac2f-b26c-4da9-bf4f-c7672394dd7f,0.07,false,false,false,near_mint,en,false,USD,2026-10-03T19:48:27.760518Z
Eviscerator's Insight,mh3,Modern Horizons 3,93,normal,common,1,94582,b00573bd-5bbb-4531-a0bb-a40f62b92b88,0.27,false,false,false,near_mint,en,false,USD,2026-10-03T19:48:27.760518Z
Gravkill,eoe,Edge of Eternities,103,normal,common,1,107333,cfa6c57f-a193-48cc-9764-d8348548a111,0.21,false,false,false,near_mint,en,false,USD,2026-10-03T19:48:27.760518Z
"Down, Down to Goblin-town",hob,The Hobbit,65,normal,uncommon,2,114933,b72e193c-e030-4936-9b79-c636eff750e1,0.13,false,false,false,near_mint,en,false,USD,2026-10-03T19:48:27.760518Z
"Sidequest: Hunt the Mark // Yiazmat, Ultimate Mark",fin,Final Fantasy,119,normal,uncommon,1,106646,c3eb2ae5-10de-4c3d-91c8-8734befc80b2,0.21,false,false,false,near_mint,en,false,USD,2026-10-03T19:48:27.760518Z
Boggart Mischief,ecl,Lorwyn Eclipsed,92,normal,uncommon,2,110387,aaeb9c9c-0f15-49dc-ae6d-2a958680f327,0.33,false,false,false,near_mint,en,false,USD,2026-10-03T19:48:27.760518Z
Omen of the Dead,thb,Theros Beyond Death,110,normal,common,1,46952,8023fc44-fb8e-420d-a68c-b45912c4e5bd,0.22,false,false,false,near_mint,en,false,USD,2026-10-03T19:48:27.760518Z
Cartouche of Ambition,akh,Amonkhet,83,normal,common,2,5602,e68b96b1-b75e-4ee1-a6d7-6545a34fef9b,0.18,false,false,false,near_mint,en,false,USD,2026-10-03T19:48:27.760518Z
Trespasser's Curse,akh,Amonkhet,112,normal,common,1,5573,f6ef4c59-ab84-4d84-b795-015b21ae3fe0,0.36,false,false,false,near_mint,en,false,USD,2026-10-03T19:48:27.760518Z
Morgul-Knife Wound,ltr,The Lord of the Rings: Tales of Middle-earth,98,normal,common,1,83102,5ae08177-48ee-4404-834d-d3cd7482ae81,0.19,false,false,false,near_mint,en,false,USD,2026-10-03T19:48:27.760518Z
Trial of Ambition,akh,Amonkhet,113,normal,uncommon,1,5572,db1e79b7-931d-49bf-8c2c-d42c55a93c74,0.13,false,false,false,near_mint,en,false,USD,2026-10-03T19:48:27.760518Z
March from the Black Gate,ltr,The Lord of the Rings: Tales of Middle-earth,94,normal,uncommon,1,82810,e57815d4-b21f-4ceb-a3f1-73cff5f0e612,0.25,false,false,false,near_mint,en,false,USD,2026-10-03T19:48:27.760518Z
Dead Weight,grn,Guilds of Ravnica,67,normal,common,1,416,a1a81554-50d4-4fe0-bf0d-5304f215d19e,0.09,false,false,false,near_mint,en,false,USD,2026-10-03T19:48:27.760518Z
Fell Gravship,eoe,Edge of Eternities,101,normal,uncommon,1,107348,e94b130d-3547-43c5-a319-5ebc571c2e2d,0.2,false,false,false,near_mint,en,false,USD,2026-10-03T19:48:27.760518Z
Entropic Battlecruiser,eoe,Edge of Eternities,99,normal,rare,1,107545,cc59796b-9025-44b6-a188-cf6684ebffb9,0.41,false,false,false,near_mint,en,false,USD,2026-10-03T19:48:27.760518Z
Mephitic Draught,lci,The Lost Caverns of Ixalan,112,normal,common,1,88811,adcae196-dbcc-44d5-b700-c57b0b646483,0.21,false,false,false,near_mint,en,false,USD,2026-10-03T19:48:27.760518Z
Dubious Delicacy,eoe,Edge of Eternities,96,normal,uncommon,2,107377,153265b4-0ca4-4245-9226-dd1a083ec91c,0.15,false,false,false,near_mint,en,false,USD,2026-10-03T19:48:27.760518Z
Hylderblade,eoe,Edge of Eternities,106,normal,uncommon,2,107517,ac80cf18-0707-4358-bdd4-0c2b90d0a1d9,0.22,false,false,false,near_mint,en,false,USD,2026-10-03T19:48:27.760518Z
Dark Knight's Greatsword,fin,Final Fantasy,95,normal,uncommon,2,106634,b50dcc7c-260f-4d8c-9a9e-9244ec23a91e,0.25,false,false,false,near_mint,en,false,USD,2026-10-03T19:48:27.760518Z
Crude Bent Blade,hob,The Hobbit,63,normal,common,5,115116,fa8fd3c4-bd00-485d-80b1-2b67f5786fce,0.13,false,false,false,near_mint,en,false,USD,2026-10-03T19:48:27.760518Z
Ninja's Blades,fin,Final Fantasy,108,normal,rare,1,106620,a6b5af82-3646-44f9-ac12-1d7fa698f037,0.38,false,false,false,near_mint,en,false,USD,2026-10-03T19:48:27.760518Z
Barbed Bloodletter,ecl,Lorwyn Eclipsed,86,normal,common,1,110790,8ff1a13c-e338-42e9-8eb3-b303fabd67de,0.18,false,false,false,near_mint,en,false,USD,2026-10-03T19:48:27.760518Z
Black Mage's Rod,fin,Final Fantasy,90,normal,common,1,105591,35e8f140-055f-4fc7-a765-fb030d828214,0.27,false,false,false,near_mint,en,false,USD,2026-10-03T19:48:27.760518Z
"Sauron, the Necromancer",ltr,The Lord of the Rings: Tales of Middle-earth,106,normal,rare,2,82994,377d65d8-21c8-4292-97db-610e0173ba59,0.48,false,false,false,near_mint,en,false,USD,2026-10-03T19:48:27.760518Z
Madame Masque,msh,Marvel Super Heroes,104,normal,uncommon,2,114088,f54197b8-6279-43ee-9340-69bd22cf3775,0.19,false,false,false,near_mint,en,false,USD,2026-10-03T19:48:27.760518Z
"Tombstone, Career Criminal",spm,Marvel's Spider-Man,70,normal,uncommon,3,107623,313189ef-fe6e-4511-9386-920a88a49a88,0.23,false,false,false,near_mint,en,false,USD,2026-10-03T19:48:27.760518Z
"Gollum, Riddle Master",hob,The Hobbit,70,normal,mythic,2,114835,bbdc7e37-c65a-497a-92b7-a30a6e369c71,1.5,false,false,false,near_mint,en,false,USD,2026-10-03T19:48:27.760518Z
"Gollum, Silent Slinker // Meager Meal",hob,The Hobbit,71,normal,common,6,115060,6cfaa182-3fec-4907-8814-b4d29c33cec3,0.11,false,false,false,near_mint,en,false,USD,2026-10-03T19:48:27.760518Z
"Venom, Evil Unleashed",spm,Marvel's Spider-Man,71,normal,common,2,107664,ab3d51a4-40f0-4606-b5f9-2686c12fd54b,0.25,false,false,false,near_mint,en,false,USD,2026-10-03T19:48:27.760518Z
"Grim Reaper, Lethal Legionnaire",msh,Marvel Super Heroes,98,normal,uncommon,2,113411,4b1cedfe-4712-4602-a8a8-112bd54c9938,0.17,false,false,false,near_mint,en,false,USD,2026-10-03T19:48:27.760518Z
Gollum the Abandoned,hob,The Hobbit,72,normal,uncommon,2,114926,50d91ef3-6f5d-4255-8d47-be731b5dad30,0.17,false,false,false,near_mint,en,false,USD,2026-10-03T19:48:27.760518Z
"Crossbones, Malicious Mercenary",msh,Marvel Super Heroes,91,normal,uncommon,2,113357,1576148a-2371-49ba-8eef-0bc2ec3dcaf3,0.21,false,false,false,near_mint,en,false,USD,2026-10-03T19:48:27.760518Z
"Lo and Li, Twin Tutors",tla,Avatar: The Last Airbender,108,normal,uncommon,1,109794,cba9260d-ef07-4429-99f9-6004cc1fea0f,0.19,false,false,false,near_mint,en,false,USD,2026-10-03T19:48:27.760518Z
The Sackville-Bagginses,hob,The Hobbit,83,normal,rare,1,114960,ed87b471-79f9-45ec-9188-69e970f6121e,1.3,false,false,false,near_mint,en,false,USD,2026-10-03T19:48:27.760518Z
"Xu-Ifit, Osteoharmonist",eoe,Edge of Eternities,127,normal,rare,1,107534,c0838f25-2193-4305-b73a-bf0c0bb4981a,0.32,false,false,false,near_mint,en,false,USD,2026-10-03T19:48:27.760518Z
Super-Skrull,msh,Marvel Super Heroes,115,normal,rare,1,110042,11fc8221-756a-4919-9272-38793e9c1ad9,0.3,false,false,false,near_mint,en,false,USD,2026-10-03T19:48:27.760518Z
"Rat King, Verminister",tmt,Teenage Mutant Ninja Turtles,71,normal,rare,1,110950,be464d88-8933-46e8-97b0-3be05f1976a3,0.96,false,false,false,near_mint,en,false,USD,2026-10-03T19:48:27.760518Z
Spider-Man Noir,spm,Marvel's Spider-Man,67,normal,uncommon,1,107668,bc64366c-2691-48cd-bb4b-a4b088c6f16b,0.22,false,false,false,near_mint,en,false,USD,2026-10-03T19:48:27.760518Z
"Whisper, Blood Liturgist",cmm,Commander Masters,198,normal,uncommon,1,84553,82ce13b0-372d-4664-a888-85f4c72e030d,0.21,false,false,false,near_mint,en,false,USD,2026-10-03T19:48:27.760518Z
Gaius van Baelsar,fin,Final Fantasy,102,normal,uncommon,1,106446,a4ee8ba5-6a79-4652-b2a4-a3dae804bc28,0.29,false,false,false,near_mint,en,false,USD,2026-10-03T19:48:27.760518Z
"Gothmog, Morgul Lieutenant",ltr,The Lord of the Rings: Tales of Middle-earth,87,normal,uncommon,1,83353,a1c10e93-88eb-46b9-8adc-583661807990,0.28,false,false,false,near_mint,en,false,USD,2026-10-03T19:48:27.760518Z
"Swarm, Being of Bees",spm,Marvel's Spider-Man,69,normal,common,1,108576,cb83d54e-6641-4929-99ad-c0ba5b610902,0.2,false,false,false,near_mint,en,false,USD,2026-10-03T19:48:27.760518Z
Exhumer Thrull,gpt,Guildpact,50,normal,uncommon,1,27545,c8c53fda-3768-4cc5-8ca3-a60805c340ba,0.13,false,false,false,near_mint,en,false,USD,2026-10-03T19:48:27.760518Z
Baleful Ammit,akh,Amonkhet,79,normal,uncommon,1,5606,fb662d58-ae50-423d-b1c5-abd45baca12b,0.22,false,false,false,near_mint,en,false,USD,2026-10-03T19:48:27.760518Z
Mirkwood Bats,ltr,The Lord of the Rings: Tales of Middle-earth,95,normal,common,1,82881,15f035df-784a-4dc8-b7f5-77139a4e6e99,1.35,false,false,false,near_mint,en,false,USD,2026-10-03T19:48:27.760518Z
Mordor Trebuchet,ltr,The Lord of the Rings: Tales of Middle-earth,97,normal,common,1,83140,648bc8ae-1798-4c2f-a372-0487a90ba4d3,0.14,false,false,false,near_mint,en,false,USD,2026-10-03T19:48:27.760518Z
Hullcarver,eoe,Edge of Eternities,105,normal,common,1,107075,817b5b18-beb5-48c8-aa45-0515ff9ca5da,0.21,false,false,false,near_mint,en,false,USD,2026-10-03T19:48:27.760518Z
Fire Navy Trebuchet,tla,Avatar: The Last Airbender,100,normal,uncommon,1,109820,e58372cc-9a89-47a4-a0db-df5435e26cd3,0.24,false,false,false,near_mint,en,false,USD,2026-10-03T19:48:27.760518Z
Dream Seizer,ecl,Lorwyn Eclipsed,101,normal,common,1,110321,3573f425-9251-4c17-9619-15278ce5d8fb,0.14,false,false,false,near_mint,en,false,USD,2026-10-03T19:48:27.760518Z
High Fae Negotiator,woe,Wilds of Eldraine,94,normal,uncommon,1,85823,f0fc77e7-154d-4433-93b3-1a1dee34791b,0.21,false,false,false,near_mint,en,false,USD,2026-10-03T19:48:27.760518Z
Venomized Cat,spm,Marvel's Spider-Man,72,normal,common,4,108527,6330f3e9-e031-4d55-b5d8-536c16bba063,0.12,false,false,false,near_mint,en,false,USD,2026-10-03T19:48:27.760518Z
Canal Monitor,rix,Rivals of Ixalan,63,normal,common,7,2955,78226edc-87dd-4c38-987c-52aefe0f9531,0.12,false,false,false,near_mint,en,false,USD,2026-10-03T19:48:27.760518Z
Mausoleum Harpy,rix,Rivals of Ixalan,78,normal,uncommon,2,2940,54b40f3c-d75e-483f-b978-8b3bf30cc7ce,0.05,false,false,false,near_mint,en,false,USD,2026-10-03T19:48:27.760518Z
Creakwood Safewright,ecl,Lorwyn Eclipsed,96,normal,uncommon,1,110727,3bcc24cf-776a-4182-bf77-a611ad90b28f,0.17,false,false,false,near_mint,en,false,USD,2026-10-03T19:48:27.760518Z
Namazu Trader,fin,Final Fantasy,107,normal,common,2,106248,f9d25b34-990d-416c-aef7-1b5a73f19dd4,0.08,false,false,false,near_mint,en,false,USD,2026-10-03T19:48:27.760518Z
Vengeful Dead,scg,Scourge,80,normal,common,1,30608,7c11c11d-9809-4031-8cbc-21aef07d7f1f,1.09,false,false,false,near_mint,en,false,USD,2026-10-03T19:48:27.760518Z
Project Deathlok Soldier,msh,Marvel Super Heroes,109,normal,common,1,113724,5c21a120-4ec7-46ec-974a-2204edb92abb,0.17,false,false,false,near_mint,en,false,USD,2026-10-03T19:48:27.760518Z
Accursed Marauder,mh3,Modern Horizons 3,80,normal,common,1,94858,5da14d86-0780-4821-a799-96f64b377df4,0.28,false,false,false,near_mint,en,false,USD,2026-10-03T19:48:27.760518Z
Accursed Horde,hou,Hour of Devastation,56,normal,uncommon,2,4619,691b79ef-87da-4b52-8311-2f6f46c6368d,0.19,false,false,false,near_mint,en,false,USD,2026-10-03T19:48:27.760518Z
Khenra Eternal,hou,Hour of Devastation,66,normal,common,1,4609,abbdc277-4a76-44a9-aeda-edabab1f579e,0.15,false,false,false,near_mint,en,false,USD,2026-10-03T19:48:27.760518Z
Spark Reaper,mic,Midnight Hunt Commander,128,normal,common,1,63625,73f0eaab-fd0b-419b-bbf4-9028e965f5fb,0.08,false,false,false,near_mint,en,false,USD,2026-10-03T19:48:27.760518Z
Walking Corpse,m21,Core Set 2021,128,normal,common,1,50691,053b59b4-a22c-4228-aadc-ae9da6bb465e,0.22,false,false,false,near_mint,en,false,USD,2026-10-03T19:48:27.760518Z
Withered Wretch,hop,Planechase,45,normal,uncommon,1,22989,235f15f5-1a5a-4eff-b0db-262f777e2b66,1.72,false,false,false,near_mint,en,false,USD,2026-10-03T19:48:27.760518Z
Lurching Rotbeast,hou,Hour of Devastation,69,normal,common,1,4606,9f06be97-71c8-46c8-a1c2-5da3af25e6de,0.15,false,false,false,near_mint,en,false,USD,2026-10-03T19:48:27.760518Z
Undead Augur,drc,Aetherdrift Commander,100,normal,uncommon,1,103066,5d86f1a9-7c51-4456-b1d9-7fe82f073929,0.31,false,false,false,near_mint,en,false,USD,2026-10-03T19:48:27.760518Z
Lazotep Reaver,war,War of the Spark,96,normal,common,1,44308,594bbe43-a8aa-42aa-bc49-cb4f3bc05cad,0.21,false,false,false,near_mint,en,false,USD,2026-10-03T19:48:27.760518Z
Two-Headed Zombie,m19,Core Set 2019,123,normal,common,1,1189,2cc5760e-8b27-4d37-9772-c9eda90b1d95,0.18,false,false,false,near_mint,en,false,USD,2026-10-03T19:48:27.760518Z
Dusk Legion Zealot,lcc,The Lost Caverns of Ixalan Commander,194,normal,common,5,88592,72048624-e3fd-4e9b-91a9-996ea3a1a74f,0.31,false,false,false,near_mint,en,false,USD,2026-10-03T19:48:27.760518Z
Vampire Revenant,rix,Rivals of Ixalan,89,normal,common,6,2929,2bd3a6c6-33b8-4530-9d80-c488898afd6e,0.08,false,false,false,near_mint,en,false,USD,2026-10-03T19:48:27.760518Z
Epicure of Blood,c21,Commander 2021,143,normal,common,1,58839,ac79386b-91eb-4813-8f3c-3b74b45be188,0.33,false,false,false,near_mint,en,false,USD,2026-10-03T19:48:27.760518Z
Dreamdrinker Vampire,mh3,Modern Horizons 3,88,normal,common,1,94872,961a3a53-344b-44d5-bc8e-f43437e6b558,0.17,false,false,false,near_mint,en,false,USD,2026-10-03T19:48:27.760518Z
Acolyte of Aclazotz,lci,The Lost Caverns of Ixalan,89,normal,common,1,88726,99009400-ffa4-40af-8305-78295ae605ac,0.25,false,false,false,near_mint,en,false,USD,2026-10-03T19:48:27.760518Z
Vito's Inquisitor,lci,The Lost Caverns of Ixalan,130,normal,common,1,88689,9030048a-b866-4a89-8d4a-aa55411463e4,0.14,false,false,false,near_mint,en,false,USD,2026-10-03T19:48:27.760518Z
Oathsworn Vampire,lcc,The Lost Caverns of Ixalan Commander,204,normal,uncommon,1,88898,cde542de-0b87-4eb1-be05-abdb729ada10,0.24,false,false,false,near_mint,en,false,USD,2026-10-03T19:48:27.760518Z
Voracious Vampire,rix,Rivals of Ixalan,91,normal,common,1,2927,d66a9f1b-31c8-4557-888b-a927922d37af,0.17,false,false,false,near_mint,en,false,USD,2026-10-03T19:48:27.760518Z
Queen's Agent,xln,Ixalan,114,normal,common,1,3898,3562f65a-bd69-47e4-9d9d-ab5c2c6ceb35,0.12,false,false,false,near_mint,en,false,USD,2026-10-03T19:48:27.760518Z
Unliving Legionnaire,msh,Marvel Super Heroes,119,normal,common,2,113998,ce08f4bb-7da3-4199-8b90-fcdb29e84e98,0.07,false,false,false,near_mint,en,false,USD,2026-10-03T19:48:27.760518Z
Nighthowl Pursuer,hob,The Hobbit,78,normal,uncommon,4,114959,d3cbe830-7e95-4019-89c4-cfb36bcf00f8,0.22,false,false,false,near_mint,en,false,USD,2026-10-03T19:48:27.760518Z
Desolation Prowler,hob,The Hobbit,64,normal,uncommon,5,115000,63c87009-ff1b-44b9-88b1-e26219094c67,0.21,false,false,false,near_mint,en,false,USD,2026-10-03T19:48:27.760518Z
Rhovanion Rampager,hob,The Hobbit,82,normal,rare,1,115101,5ee45a5e-3650-47b3-8d31-6b1de9e27a14,0.23,false,false,false,near_mint,en,false,USD,2026-10-03T19:48:27.760518Z
Dusk Charger,rix,Rivals of Ixalan,69,normal,common,5,2949,c2ce54a3-f3eb-48a0-bfa2-5f4b90e413f0,0.11,false,false,false,near_mint,en,false,USD,2026-10-03T19:48:27.760518Z
Ravening Warg,hob,The Hobbit,80,normal,common,7,115257,ea7b5052-b343-466d-879e-2a211657ef0a,0.17,false,false,false,near_mint,en,false,USD,2026-10-03T19:48:27.760518Z
Front Porch Sentries,hob,The Hobbit,67,normal,common,4,115094,07bfc803-e11b-47ab-9f25-0ace7e174200,0.06,false,false,false,near_mint,en,false,USD,2026-10-03T19:48:27.760518Z
Stony-Voiced Goblins,hob,The Hobbit,85,normal,common,5,115194,6fcc3699-b475-4612-884d-81bd4f21e9c1,0.15,false,false,false,near_mint,en,false,USD,2026-10-03T19:48:27.760518Z
Stalactite Stalker,lci,The Lost Caverns of Ixalan,122,normal,rare,1,88498,5319c0b1-de54-492a-bdea-85a5a75d693e,0.34,false,false,false,near_mint,en,false,USD,2026-10-03T19:48:27.760518Z
Boggart Trawler // Boggart Bog,mh3,Modern Horizons 3,243,normal,uncommon,1,94624,d0d484a6-5610-4f1d-95ec-eda273c255e4,1.59,false,false,false,near_mint,en,false,USD,2026-10-03T19:48:27.760518Z
Retched Wretch,ecl,Lorwyn Eclipsed,117,normal,uncommon,1,110838,c7a4d7f1-976a-4a28-97a9-ff089a241c9d,0.12,false,false,false,near_mint,en,false,USD,2026-10-03T19:48:27.760518Z
Heirloom Auntie,ecl,Lorwyn Eclipsed,107,normal,common,1,110623,cac251b2-d2cc-45b6-9ca8-678e0eab56ea,0.19,false,false,false,near_mint,en,false,USD,2026-10-03T19:48:27.760518Z
Merciless Enforcers,spm,Marvel's Spider-Man,58,normal,common,5,107686,fba9c76c-1432-4554-88bd-3f5e8709a963,0.11,false,false,false,near_mint,en,false,USD,2026-10-03T19:48:27.760518Z
Callous Inspector,tla,Avatar: The Last Airbender,89,normal,common,2,109579,f22610e9-6b14-4914-bb67-bd6723bec9aa,0.17,false,false,false,near_mint,en,false,USD,2026-10-03T19:48:27.760518Z
Disciple of Phenax,ths,Theros,84,normal,common,1,15580,81c1137c-1cbd-4918-9d1c-a9d2bd88562e,0.07,false,false,false,near_mint,en,false,USD,2026-10-03T19:48:27.760518Z
Adventurous Eater // Have a Bite,sos,Secrets of Strixhaven,72,normal,common,1,112694,d40cc7da-c731-418e-8547-7033d1939450,0.15,false,false,false,near_mint,en,false,USD,2026-10-03T19:48:27.760518Z
Kingpin's Enforcers,msh,Marvel Super Heroes,102,normal,common,3,113751,64056edb-6de2-4694-b771-f35542c25771,0.13,false,false,false,near_mint,en,false,USD,2026-10-03T19:48:27.760518Z
Inner Demons Gangsters,spm,Marvel's Spider-Man,57,normal,common,2,108594,f0252819-4eda-457d-9688-b08b83b1edc9,0.13,false,false,false,near_mint,en,false,USD,2026-10-03T19:48:27.760518Z
Shinra Reinforcements,fin,Final Fantasy,118,normal,common,2,106282,7367b257-1a8c-4593-a307-7116e36e0342,0.11,false,false,false,near_mint,en,false,USD,2026-10-03T19:48:27.760518Z
Gravblade Heavy,eoe,Edge of Eternities,102,normal,common,1,107756,b3872341-d711-407b-85e4-46ccb99988e1,0.07,false,false,false,near_mint,en,false,USD,2026-10-03T19:48:27.760518Z
Marionette Apprentice,mh3,Modern Horizons 3,100,normal,uncommon,1,94625,d16f8670-f038-400a-83e7-a53a7f8c47ac,2.17,false,false,false,near_mint,en,false,USD,2026-10-03T19:48:27.760518Z
Al Bhed Salvagers,fin,Final Fantasy,88,normal,uncommon,1,106278,58ccdcfc-a669-480f-bded-4273cfaf2045,0.22,false,false,false,near_mint,en,false,USD,2026-10-03T19:48:27.760518Z
Umbral Collar Zealot,soc,Secrets of Strixhaven Commander,227,normal,uncommon,1,112043,98648b8a-2cf0-4c10-ab13-c88b2e03fc15,0.32,false,false,false,near_mint,en,false,USD,2026-10-03T19:48:27.760518Z
Ninja of the Hand,msh,Marvel Super Heroes,108,normal,common,1,113757,6b8116d8-2cc6-449b-a8b4-8a5166553497,0.11,false,false,false,near_mint,en,false,USD,2026-10-03T19:48:27.760518Z
Common Crook,spm,Marvel's Spider-Man,53,normal,common,1,108535,6f5872df-e692-44aa-b18d-22447f5f274c,0.11,false,false,false,near_mint,en,false,USD,2026-10-03T19:48:27.760518Z
Beamsaw Prospector,eoe,Edge of Eternities,89,normal,common,1,107734,6f717a3f-c6db-4e8d-8b62-6361ab33d000,0.21,false,false,false,near_mint,en,false,USD,2026-10-03T19:48:27.760518Z
Cirith Ungol Patrol,ltr,The Lord of the Rings: Tales of Middle-earth,80,normal,common,1,83215,7cd03837-37cc-4f6c-8e22-e3b0ff635462,0.14,false,false,false,near_mint,en,false,USD,2026-10-03T19:48:27.760518Z
Angrath's Ambusher,rix,Rivals of Ixalan,202,normal,uncommon,2,2816,48181263-11fd-444e-9fef-02ccfe016c8c,0.12,false,false,false,near_mint,en,false,USD,2026-10-03T19:48:27.760518Z
Desperate Castaways,xln,Ixalan,101,normal,common,1,3911,98a92dde-7a84-40fb-a11e-54c7d3057126,0.12,false,false,false,near_mint,en,false,USD,2026-10-03T19:48:27.760518Z
Grasping Scoundrel,m19,Core Set 2019,312,normal,common,6,1000,9fd574a9-2034-402c-9fd6-83c4b9db83d1,0.2,false,false,false,near_mint,en,false,USD,2026-10-03T19:48:27.760518Z
Fathom Fleet Boarder,rix,Rivals of Ixalan,71,normal,common,6,2947,f447eb83-c805-4ba8-b9f2-0add092f6795,0.04,false,false,false,near_mint,en,false,USD,2026-10-03T19:48:27.760518Z
Dire Fleet Interloper,xln,Ixalan,103,normal,common,1,3909,e2e3f7ee-98d0-45bd-97ae-3dc8050085a1,0.23,false,false,false,near_mint,en,false,USD,2026-10-03T19:48:27.760518Z
Dinosaur Hunter,rix,Rivals of Ixalan,67,normal,common,5,2951,93ff5a4e-9ec5-4b52-90f5-b8b6753c958d,0.08,false,false,false,near_mint,en,false,USD,2026-10-03T19:48:27.760518Z
Scrounger of Souls,hou,Hour of Devastation,76,normal,common,2,4599,3d66f3c4-5a11-4e28-a4ae-673b3b36d3ec,0.05,false,false,false,near_mint,en,false,USD,2026-10-03T19:48:27.760518Z
Lurking Chupacabra,xln,Ixalan,111,normal,uncommon,1,3901,abdbaa34-1ee5-4a2a-bdb3-2f04809a5b42,0.2,false,false,false,near_mint,en,false,USD,2026-10-03T19:48:27.760518Z
Shambling Cie'th,fin,Final Fantasy,117,normal,uncommon,1,106302,f02ce338-4fe2-44b0-a896-3ed7e6c874a3,0.13,false,false,false,near_mint,en,false,USD,2026-10-03T19:48:27.760518Z
Voracious Fell Beast,ltr,The Lord of the Rings: Tales of Middle-earth,113,normal,uncommon,1,83554,d9b7d7f8-503d-4660-9a18-6a8e2fcaa25f,0.17,false,false,false,near_mint,en,false,USD,2026-10-03T19:48:27.760518Z
Douser of Lights,grn,Guilds of Ravnica,70,normal,common,2,413,7c554be7-6fd4-4642-aaa0-2781d9c388e4,0.07,false,false,false,near_mint,en,false,USD,2026-10-03T19:48:27.760518Z
Qutrub Forayer,fin,Final Fantasy,112,normal,common,1,106575,7475ecf6-23f5-45af-9ef0-ac7923bbc9cb,0.13,false,false,false,near_mint,en,false,USD,2026-10-03T19:48:27.760518Z
Hecteyes,fin,Final Fantasy,103,normal,common,1,106585,8680d052-c07b-4d9b-bda9-b5f69f44f424,0.24,false,false,false,near_mint,en,false,USD,2026-10-03T19:48:27.760518Z
Grim Strider,akh,Amonkhet,94,normal,uncommon,1,5591,97ae6769-2b2b-48e3-9503-e9744984743a,0.07,false,false,false,near_mint,en,false,USD,2026-10-03T19:48:27.760518Z
Ahriman,fin,Final Fantasy,87,normal,common,1,106517,162a415c-5465-497e-8f4e-c6f09681641d,0.22,false,false,false,near_mint,en,false,USD,2026-10-03T19:48:27.760518Z
Insatiable Skittermaw,eoe,Edge of Eternities,108,normal,common,3,107195,e9d30cca-ea33-418f-bba3-5103f1dbd751,0.16,false,false,false,near_mint,en,false,USD,2026-10-03T19:48:27.760518Z
Comet Crawler,eoe,Edge of Eternities,92,normal,common,2,107766,becca990-ab2e-4aa4-be7d-293ec727cb08,0.15,false,false,false,near_mint,en,false,USD,2026-10-03T19:48:27.760518Z
Great Fierce Bee,hob,The Hobbit,73,normal,common,2,115215,9d9ef88f-d208-4788-9553-cd672b3be1fe,0.18,false,false,false,near_mint,en,false,USD,2026-10-03T19:48:27.760518Z
Skittering Heartstopper,xln,Ixalan,122,normal,common,1,3890,0722fbdf-c092-4e80-913f-29390177cdcb,0.11,false,false,false,near_mint,en,false,USD,2026-10-03T19:48:27.760518Z